Bucket,IFSAC Label,,,,,
production facility,Environmental-Factory/Production Facility/Abattoir,,,,,
seagull,Game,,,,,
whole pit fruit,Sub Tropical Fruit,,,,,
seasoning  ,Herbs,,,,,
potato salad,Multi Ingredient,,,,,
salad sand,Multi Ingredient,,,,,
Alpaca,Other Animals,,,,,
basil,Herbs,,,,,
salmon,Fish,,,,,
pepper,Seeded Vegetable (Solanaceous),,Confirm?,,,
drag swab,Environmental,,Fx,,,
chicken salad,Multi Ingredient,,,,,
nutritional powder,Multi Ingredient,,,,,"Dog, Cat, Horse, Guinea Pig, Snake, Bird, Fish (only if indicated as a pet)"
pistachio,Nuts,,,,,
lasagna,Multi Ingredient,,,,,
sandwich,Multi Ingredient,,,,,"Wild bird, Giraffe, Fish (but only if it's wild and there's no indication that's it's for food."
ham,Pork,,,,,
swabs,Clinical/Research,,,,,
swab,Clinical/Research,,,,,
nuts,Nuts,,,,,
suet,Clinical/Research,,,,,
rumen,Clinical/Research,,,,,
bedding,Environmental,,,,,
gallus ,Chicken,,,,,
chicken strip,Chicken,,,,,
environment,Environmental,,,,,
cecal,Clinical/Research,,,,,
cecum,Clinical/Research,,,,,
chicken manure,"Chicken, Clinical/Research",,,,,
veggie booty,Vegetables,,,,,
apple snail,Crustaceans,,,,,
fish,Fish,,,,,
shellfish,Shellfish,,,,,
sugar,Sugars,,,,,
oil,Oils,,,,,
vegetable,Vegetables,,,,,
grain,Grains,,,,,
bean,Beans,,,,,
seed,Seeds,,,,,
herb,Herbs,,,,,
fruit,Fruits,,,,,
clam,Bi-Valve Mollusk,,,,,
mussel (food source),Bi-Valve Mollusk,,,,,
oyster,Bi-Valve Mollusk,,,,,
scallop,Bi-Valve Mollusk,,,,,
abalone,Non Bi-Valve Mollusk,,,,,
chitin,Non Bi-Valve Mollusk,,,,,
limpet,Non Bi-Valve Mollusk,,,,,
octopus,Non Bi-Valve Mollusk,,,,,
snail,Non Bi-Valve Mollusk,,,,,
squid,Non Bi-Valve Mollusk,,,,,
whelk,Non Bi-Valve Mollusk,,,,,
whale,Other Aquatic Animals,,,,,
seal meat,Other Aquatic Animals,,,,,
frog,Other Aquatic Animals,,,,,
porcine,Pork,,,,,
beef,Beef,,,,,
pork,Pork,,,,,
sheep,Other Meats,,,,,
goat,Other Meats,,,,,
lamb,Other Meats,,,,,
horse,Other Meats,,,,,
chicken,Chicken,,,,,
turkey,Turkey,,,,,
duck,Other Poultry,,,,,
goose,Other Poultry,,,,,
pigeon,Other Poultry,,,,,
ratite,Other Poultry,,,,,
antelope,Game,,,,,
bison,Game,,,,,
buffalo,Game,,,,,
elk,Game,,,,,
pheasant,Game,,,,,
rabbit,Game,,,,,
snake,Game,,,,,
fungal,Fungi,,,,,
sprout,Sprouts,Companion Animal?,,,,
ginger,Other root/Underground vegetable,,,,,
taro,Other root/Underground vegetable,,,,,
solanaceous,Solanaceous,,,,,
legume,Legumes,,,,,
okra vegetable,Seeded Vegetable (Other),,,,,
tea,Herbs,,,,,
leafy vegetable,Vegetable Row Crop Leafy,,,,,
melon fruit,Melons,,,,,
pomaceous fruit,Pome fruit,,,,,
stone fruit,Stone Fruit,,,,,
blackberry,Small Fruit,,,,,
blueberry,Small Fruit,,,,,
cranberry,Small Fruit,,,,,
grape,Small Fruit,,,,,
kiwifruit,Small Fruit,,,,,
raspberry,Small Fruit,,,,,
strawberry,Small Fruit,,,,,
banana,Tropical Fruit,,,,,
papaya,Tropical Fruit,,,,,
mango,Tropical Fruit,,,,,
pineapple,Tropical Fruit,,,,,
avocado,Sub Tropical Fruit,,,,,
orange,Sub Tropical Fruit,,,,,
grapefruit,Sub Tropical Fruit,,,,,
lemon,Sub Tropical Fruit,,,,,
tangerine,Sub Tropical Fruit,,,,,
kumquat,Sub Tropical Fruit,,,,,
date,Sub Tropical Fruit,,,,,
fig,Sub Tropical Fruit,,,,,
lychee,Sub Tropical Fruit,,,,,
persimmon,Sub Tropical Fruit,,,,,
pomegranate,Sub Tropical Fruit,,,,,
flour,Grains,,,,,
plant seed,Plant Seeds,,,,,
cereal,Grains,,Flour-based Products ,,,
plant stem,Vegetable Row Crops Flower,,,,,
peanut,Nuts,,,,,
rice,Grains,,,,,
spice,Herbs,,,,,
snail,Crustaceans,,,,,
peanut butter,Nuts,,,,,
cow,Beef,,,,,
corn,Seeded Vegetable (Other),,,,,
crab,Crustaceans,,,,,
zucchini,Seeded Vegetable (Vine Grown),,,,,
plant leaf,Vegetable Row Crop Leafy,,,,,
spear vegetable,Stem Vegetables,,,,,
sus scrofa,Pig,,,,,
animal feed,Animal Feed,,,,,
gallus gallus,Chicken,,,,,
milk,Dairy,,,,,
onion,Bulbs (Root/Underground vegetables),,,,,
garlic,Bulbs (Root/Underground vegetables),,,,,
potato,Tubers (Root/Underground Vegetables),,,,,
carrot,Root Vegetables,,,,,
beet,Root Vegetables,,,,,
yam,Tubers (Root/Underground Vegetables),,,,,
taro,Other Root/Underground vegetables,,,,,
plant root,Root/Underground vegetables,,,,,
reptile,Wild Animals,,,,,
cow milk,Dairy,,,,,
skim milk,Fluid Milk,,Other Animal-Wild Animal,,,
whole milk,Fluid Milk,,,,,
soft cheese,Solid/semisolid dairy products,,,,,
hard cheese,Solid/semisolid dairy products,,,,,
amphibian,Wild Animals,,,,,
calf meat,Calf,,,,,
fresh water,Environmental-Water,,Other Animal-Wild Animal,,,
water,Environmental-Water,,,,,
farm,Environmental-Farm,,,,,
shrimp,Crustaceans,,,,,
siluriform,Siluriformes,,,,,
spice or herb,Herbs,,,,,
restaurant,Environmental-Restaurant,,,,,
shop,Environmental-Store,,,,,
warehouse,Environmental-Warehouse,,,,,
factory,Environmental-Factory,,,,,
abattoir,Environmental-Abattoir,,,,,
research facility,Environmental-ResearchFacility,,,,,
pasture,Environmental-Pasture,,,,,
biological sex,Biological Sex,,,,,
chemical entity,Clinical/Research,,,,,
construction,Environmental-Construction,,,,,
environmental feature,Environmental,,,,,
food product by consumer group,FoodProduct-ByConsumerGroup,,,,,
anatomical entity,Clinical/Research,,,,,
organism,Organism,,,,,
environmental material,Environmental,,,,,
organism substance,Clinical/Research,,,,,
avian food product,Avian,,,,,
fungus,Fungi,,Check,,,
nut producing plant,Nuts,,,,,
cattle feed,Animal Feed,,,,,
pet food,Animal Feed,,,,,
poultry meal,Animal Feed,,,,,
dog food,Animal Feed,,,,,
dog treats,Animal Feed,,,,,
cat food,Animal Feed,,,,,
treat nibblets,Animal Feed,,,,,
cat treats,Animal Feed,,,,,
pet treats,Animal Feed,,,,,
for dogs,Animal Feed,,,,,
for cats,Animal Feed,,,,,
for pets,Animal Feed,,,,,
pet foods,Animal Feed,,,,,
cat foods,Animal Feed,,,,,
dog foods,Animal Feed,,,,,
pet treat,Animal Feed,,,,,
cat treat,Animal Feed,,,,,
dog treat,Animal Feed,,,,,
waste water,Environmental-Water,,,,,
river water,Environmental-Water,,,,,
caecum,Clinical/Research,,,,,
threadfin,Fish,,,,,
barramundi,Fish,,,,,
bos taurus,Cow,,,,,
tri-tip,Beef,,,,,
blue cheese,Dairy,,,,,
psittacine,Other Poultry,in SynLex,,,,
Guinea Pig,Companion Animals,Link break,Obsolte Class,,,
bird,Companion Animals,,,,,
parrot,Companion Animals,,,,,
wild bird,Wild Animals,,,,,
wild fish,Wild Animals,,,,,
pet fish,Companion Animals,,,,,
girrafe,Wild Animals,,,,,
mouse,Other Animals,,,,,
rectal content,Clinical/Research,,,,,
cow-lung,Clinical/Research,,,,,
soynut butter,Grains,,,,,
tote,Environmental,,,,,
sponge,Environmental,,,,,
toad,Other Animals,,,,,
lettuce,Vegetable Row Crop Leafy,,,,,
conveyor,Environmental,,,,,
slicing machine,Environmental,,,,,
Ukazi,Vegetable Row Crop Leafy,,,,,
dairy,Dairy,,,,,
meat,Meats,,,,,
poultry,Poultry,,,,,
egg,Eggs,,,,,
musculus,Other Animals,,,,,
Coconut flakes,Nuts,,,,,
cottonseed feed,Animal Feed,,,,,
kafta,Meats,,,,,
lox,Fish,,,,,
parakeet,Companion Animals,,,,,
pine siskin,Companion Animals,,,,,
pollack roe,Fish,,,,,
rawhide,Animal,,,,,
Salami,Meats,,,,,
sausage,Meats,,,,,
chili,Seeded Vegetable (Solanaceous),,,,,
washroom,Environmental,,,,,
vacuum cleaner,Environmental,,,,,
deli case,Environmental,,,,,
food mixture,Multi Ingredient,,,,,
freshwater,Environmental-Water,,,,,
